 /*Authors:			John Ringrose	and 	Garrett	Ryan	   
  Student No: 	    x19112688	/	x20258496	   
  File Name: 	RetailTrainingDDL.sql  
  Date: 	20/11/2021				   
  DDL for Advanced Database project CA1	 
  Industry is option 6 - Retail		   
  Business area is option 8 - Training */
USE retailtraining; 

INSERT INTO course 
            (course_title, 
             coursedescription, 
             coursefee) 
VALUES      ('jeans sales techniques', 
             'Learn the best way to sell jeans to a customer', 
             29.99), 
            ('jumper sales techniques', 
             'Learn the best way to sell jumpers to a customer', 
             39.99), 
            ('shirt sales techniques', 
             'Learn the best way to sell shirts to a customer', 
             35.99), 
            ('cash register education', 
             'Learn how to handle the cash register', 
             10.99), 
            ('Theft educatiom', 
             'How to handle potential theft in the shop', 
             50.99), 
            ('Appropriate Attire', 
             'How to dress appropriately for sales maximisation', 
             25.99), 
            ('General sales techinques', 
             'A General product sales overview', 
             11.99), 
            ('Customer Care', 
             'Learn best way to address the customer', 
             21.99), 
            ('Shop Maintenance', 
             'Learn how to keep the shop floor clean', 
             7.99), 
            ('Shop Security', 
             'Learn how best to deal with security in the shop', 
             80.99); 

INSERT INTO teacher 
            (firstname, 
             surname, 
             addresslineone, 
             addresslinetwo, 
             eircode, 
             dob, 
             courseid, 
             coursetitle) 
VALUES      ('Mike', 
             'Singletary', 
             '98 Elm street', 
             'Waukeeegan', 
             '60626', 
             '1991-02-03', 
             1, 
             'jeans sales techniques'), 
            ('Brian', 
             'Urlacher', 
             '54 Amiens Street', 
             'Longford', 
             '50005', 
             '1921-02-15', 
             2, 
             'jumper sales techniques'), 
            ('Jay', 
             'Cutler', 
             '45 elmdale road', 
             'Coolock', 
             '49945', 
             '1966-02-05', 
             3, 
             'shirt sales techniques'), 
            ('Grave', 
             'Jones', 
             '44 Belcamp rd', 
             'Kilbarrack', 
             '455512', 
             '1966-05-12', 
             6, 
             'Appropriate Attire'), 
            ('Bill', 
             'Belichick', 
             '33 Sutton Park', 
             'Sutton', 
             '10224', 
             '1944-05-15', 
             7, 
             'General sales techinques'), 
            ('Fred', 
             'Bonner', 
             '44 Chicago ave', 
             'Howth', 
             '555912', 
             '1902-09-22', 
             8, 
             'Customer Care'), 
            ('Tom', 
             'Brady', 
             '21 Rodeo Dr', 
             'Stillorgan', 
             '15152', 
             '1902-05-01', 
             9, 
             'Shop Maintenance'), 
            ('Ben', 
             'Rothisberger', 
             '13 Pitt Drive', 
             'Coolock', 
             '15444', 
             '1912-07-05', 
             4, 
             'cash register education'), 
            ('Mick', 
             'Feeney', 
             '44 Clare ave', 
             'Coolock', 
             '66266', 
             '1915-04-11', 
             10, 
             'Shop Security'), 
            ('Joe', 
             'Maloney', 
             '13 Easter Drive', 
             'coolock', 
             '22222', 
             '1912-06-05', 
             5, 
             'Theft educatiom'); 

INSERT INTO student 
            (firstname, 
             surname, 
             addresslineone, 
             addresslinetwo, 
             eircode, 
             dob, 
             courseid, 
             coursetitle, 
             feespaid) 
VALUES      ('Joe', 
             'Republic', 
             '22 glasnevin avenue', 
             'Dublin', 
             '1564655', 
             '1915-04-11', 
             1, 
             'jeans sales techniques', 
             1 ), 
            ('Mike', 
             'Brown', 
             '45 Offington ave', 
             'Wexford', 
             '4562565', 
             '1915-04-11', 
             2, 
             'jumper sales techniques', 
             1), 
            ('Joe', 
             'Blow', 
             '41 Sevice rd', 
             'Louth', 
             '4512689', 
             '1975-05-11', 
             3, 
             'shirt sales techniques', 
             1), 
            ('Mike', 
             'Black', 
             '44 Mysql rd', 
             'Cork', 
             '4754541', 
             '1955-10-11', 
             6, 
             'Appropriate Attire', 
             0), 
            ('Joe', 
             'Rodrigo', 
             '22 Seaford rd', 
             'Clare', 
             '4577781', 
             '1915-04-11', 
             7, 
             'General sales techinques', 
             1), 
            ('Mike', 
             'Silvwer', 
             '23 Jordan way', 
             'Dublin', 
             '9663321', 
             '1925-07-12', 
             8, 
             'Customer Care', 
             1), 
            ('Joe', 
             'Jorge', 
             '22 Appian way', 
             'Cork', 
             '4751525', 
             '1945-07-10', 
             9, 
             'Shop Maintenance', 
             1), 
            ('John', 
             'Johns', 
             '34 Offington ave', 
             'Dublin', 
             '606261', 
             '1915-04-11', 
             4, 
             'cash register education', 
             1), 
            ('Joe', 
             'Naul', 
             '45 Appian way', 
             'Dublin', 
             '458886', 
             '1935-02-07', 
             10, 
             'Shop Security', 
             0), 
            ('Frankie', 
             'Fay', 
             '23 MikeJ rd', 
             'Cork', 
             '6523332', 
             '1941-04-06', 
             5, 
             'Theft educatiom', 
             1); 

INSERT INTO results 
            (studentid, 
             studentname, 
             courseid, 
             coursetitle, 
             courseresults) 
VALUES      (1, 
             'Joe Republic', 
             1, 
             'jeans sales techniques', 
             88), 
            ( 2, 
              'Mike Brown', 
              2, 
              'jumper sales techniques', 
              22), 
            ( 3, 
              'Joe Blow', 
              3, 
              'shirt sales techniques', 
              44 ), 
            ( 4, 
              'Mike Black', 
              6, 
              'Appropriate Attire', 
              55 ), 
            (5, 
             'Joe Rodrigo', 
             7, 
             'General sales techinques', 
             45), 
            (6, 
             'Mike Silvwer', 
             8, 
             'Customer Care', 
             89), 
            ( 7, 
              'Joe Jorge', 
              9, 
              'Shop Maintenance', 
              44), 
            (8, 
             'John Johns', 
             4, 
             'cash register education', 
             77), 
            ( 9, 
              'Joe Null', 
              10, 
              'Shop Security', 
              47), 
            ( 10, 
              'frankie fay', 
              5, 
              'Theft educatiom', 
              22 ); 

INSERT INTO payment 
            (studentid, 
             studentname, 
             paymentmethod, 
             paymentcost, 
             paymentdate) 
VALUES      (1, 
             'Joe Republic', 
             'visa', 
             24, 
             '2021-11-11'), 
            ( 2, 
              'Mike Brown', 
              'mastercard', 
              26, 
              '2021-11-11'), 
            ( 3, 
              'Joe Blow', 
              'cash', 
              30, 
              '2021-07-09'), 
            ( 4, 
              'Mike Black', 
              'cash', 
              50, 
              '2021-09-07'), 
            ( 5, 
              'Joe Rodrigo', 
              'visa', 
              40, 
              '2021-06-08'), 
            ( 6, 
              'Mike Silwver', 
              'mastercard', 
              50, 
              '2021-08-06'), 
            ( 7, 
              'Joe Jorge', 
              'visa', 
              29, 
              '2021-06-09'), 
            ( 8, 
              'John Johns', 
              'visa', 
              49, 
              '2021-09-06'), 
            ( 9, 
              'Joe Null', 
              'cash', 
              60, 
              '2021-10-11'), 
            ( 10, 
              'Frankie Fay', 
              'visa', 
              50, 
              '2021-11-10'); 